account_id,account_number,customer_id,account_type_id,branch_id,opening_date,current_balance,status,last_transaction_date
1,10000000001,1,1,1,2015-04-01,285000.50,Active,2026-07-20
2,10000000002,2,1,4,2016-08-15,142500.75,Active,2026-07-18
3,10000000003,3,1,5,2012-01-26,520000.00,Active,2026-07-22
4,10000000004,4,1,11,2018-03-23,78500.25,Active,2026-07-19
5,10000000005,5,1,8,2014-11-14,315000.00,Active,2026-07-21
6,10000000006,6,1,14,2019-06-18,45200.50,Active,2026-07-17
7,10000000007,7,1,30,2011-04-14,680000.00,Active,2026-07-23
8,10000000008,8,1,16,2020-01-26,28750.00,Active,2026-07-20
9,10000000009,9,4,19,2010-08-15,1250000.00,Active,2026-07-22
10,10000000010,10,1,21,2017-03-08,95000.00,Active,2026-07-18
11,10000000011,11,1,23,2013-10-02,175000.50,Active,2026-07-21
12,10000000012,12,1,26,2018-11-14,62000.00,Active,2026-07-19
13,10000000013,13,4,29,2008-04-01,2100000.00,Active,2026-07-23
14,10000000014,14,1,31,2015-07-23,125000.00,Active,2026-07-20
15,10000000015,15,1,33,2019-02-28,35000.00,Active,2026-07-17
16,10000000016,16,1,34,2021-06-01,22500.00,Active,2026-07-22
17,10000000017,17,1,35,2012-09-15,450000.00,Active,2026-07-21
18,10000000018,18,1,36,2020-04-01,18000.00,Active,2026-07-18
19,10000000019,19,1,37,2014-01-26,280000.00,Active,2026-07-23
20,10000000020,20,1,38,2016-05-27,72000.00,Active,2026-07-19
21,10000000021,21,4,39,2009-11-14,1850000.00,Active,2026-07-22
22,10000000022,22,1,40,2021-08-15,15000.00,Active,2026-07-20
23,10000000023,23,1,41,2013-03-08,195000.00,Active,2026-07-17
24,10000000024,24,1,42,2017-10-31,88000.00,Active,2026-07-21
25,10000000025,25,1,43,2011-01-26,560000.00,Active,2026-07-23
26,10000000026,26,1,44,2015-06-18,135000.00,Active,2026-07-18
27,10000000027,27,1,45,2016-11-14,98000.00,Active,2026-07-22
28,10000000028,28,1,46,2014-04-01,210000.00,Active,2026-07-19
29,10000000029,29,1,47,2018-07-23,52000.00,Active,2026-07-21
30,10000000030,30,1,48,2019-12-31,38000.00,Active,2026-07-20
31,10000000031,31,1,49,2012-02-28,485000.00,Active,2026-07-23
32,10000000032,32,1,50,2020-09-15,25000.00,Active,2026-07-17
33,10000000033,33,1,51,2015-01-26,168000.00,Active,2026-07-22
34,10000000034,34,4,52,2007-08-15,3200000.00,Active,2026-07-18
35,10000000035,35,1,53,2018-04-14,42000.00,Active,2026-07-21
36,10000000036,36,1,54,2016-10-02,115000.00,Active,2026-07-19
37,10000000037,37,1,55,2014-03-23,275000.00,Active,2026-07-23
38,10000000038,38,1,56,2017-06-18,68000.00,Active,2026-07-20
39,10000000039,39,1,57,2015-11-14,185000.00,Active,2026-07-17
40,10000000040,40,1,58,2019-02-28,32000.00,Active,2026-07-22
41,10000000041,41,1,59,2013-07-23,425000.00,Active,2026-07-21
42,10000000042,42,1,60,2021-01-26,19500.00,Active,2026-07-18
43,10000000043,43,4,61,2010-04-14,1450000.00,Active,2026-07-23
44,10000000044,44,1,62,2016-08-15,82000.00,Active,2026-07-19
45,10000000045,45,1,63,2014-12-31,235000.00,Active,2026-07-22
46,10000000046,46,1,64,2018-05-27,58000.00,Active,2026-07-20
47,10000000047,47,1,65,2015-10-02,155000.00,Active,2026-07-17
48,10000000048,48,1,66,2019-06-18,45000.00,Active,2026-07-21
49,10000000049,49,1,67,2012-11-14,380000.00,Active,2026-07-23
50,10000000050,50,1,68,2020-04-01,28000.00,Active,2026-07-18
51,10000000051,51,1,69,2013-08-15,295000.00,Active,2026-07-22
52,10000000052,52,1,70,2016-01-26,105000.00,Active,2026-07-19
53,10000000053,53,1,71,2014-06-18,225000.00,Active,2026-07-21
54,10000000054,54,1,72,2017-11-14,75000.00,Active,2026-07-20
55,10000000055,55,1,73,2011-04-01,620000.00,Active,2026-07-23
56,10000000056,56,1,74,2019-09-15,35500.00,Active,2026-07-17
57,10000000057,57,1,75,2015-02-28,148000.00,Active,2026-07-22
58,10000000058,58,1,76,2018-07-23,55000.00,Active,2026-07-18
59,10000000059,59,1,77,2014-12-31,265000.00,Active,2026-07-21
60,10000000060,60,1,78,2016-05-27,92000.00,Active,2026-07-19
61,10000000061,61,4,79,2008-10-02,1680000.00,Active,2026-07-23
62,10000000062,62,1,80,2018-03-08,48000.00,Active,2026-07-20
63,10000000063,63,1,81,2012-08-15,335000.00,Active,2026-07-17
64,10000000064,64,1,82,2020-01-26,21000.00,Active,2026-07-22
65,10000000065,65,1,83,2015-06-18,178000.00,Active,2026-07-18
66,10000000066,66,4,84,2007-11-14,2450000.00,Active,2026-07-21
67,10000000067,67,1,85,2016-04-01,128000.00,Active,2026-07-19
68,10000000068,68,1,86,2019-08-15,38500.00,Active,2026-07-23
69,10000000069,69,1,87,2013-01-26,415000.00,Active,2026-07-20
70,10000000070,70,1,88,2021-03-23,16500.00,Active,2026-07-17
71,10000000071,71,4,89,2010-06-18,1320000.00,Active,2026-07-22
72,10000000072,72,1,90,2017-11-14,85000.00,Active,2026-07-18
73,10000000073,73,1,91,2014-04-14,255000.00,Active,2026-07-21
74,10000000074,74,1,92,2018-09-17,62500.00,Active,2026-07-19
75,10000000075,75,1,93,2015-02-28,195000.00,Active,2026-07-23
76,10000000076,76,1,95,2016-07-23,112000.00,Active,2026-07-20
77,10000000077,77,1,96,2011-12-31,475000.00,Active,2026-07-17
78,10000000078,78,1,97,2019-05-27,32500.00,Active,2026-07-22
79,10000000079,79,1,98,2015-10-02,168000.00,Active,2026-07-18
80,10000000080,80,1,99,2018-03-08,55500.00,Active,2026-07-21
81,10000000081,81,1,100,2014-08-15,305000.00,Active,2026-07-19
82,10000000082,82,1,101,2016-01-26,78500.00,Active,2026-07-23
83,10000000083,83,1,102,2020-06-18,24000.00,Active,2026-07-20
84,10000000084,84,4,103,2009-11-14,1580000.00,Active,2026-07-17
85,10000000085,85,1,104,2017-04-01,95500.00,Active,2026-07-22
86,10000000086,86,1,105,2019-09-15,42500.00,Active,2026-07-18
87,10000000087,87,1,106,2013-02-28,365000.00,Active,2026-07-21
88,10000000088,88,1,107,2015-07-23,138000.00,Active,2026-07-19
89,10000000089,89,1,108,2014-12-31,285500.00,Active,2026-07-23
90,10000000090,90,1,109,2016-05-27,102000.00,Active,2026-07-20
91,10000000091,91,1,110,2011-10-31,545000.00,Active,2026-07-17
92,10000000092,92,1,111,2018-03-23,58500.00,Active,2026-07-22
93,10000000093,93,1,112,2015-08-15,218000.00,Active,2026-07-18
94,10000000094,94,1,113,2019-01-26,35500.00,Active,2026-07-21
95,10000000095,95,1,114,2012-06-18,398000.00,Active,2026-07-19
96,10000000096,96,1,115,2016-11-14,125500.00,Active,2026-07-23
97,10000000097,97,1,116,2014-04-01,275500.00,Active,2026-07-20
98,10000000098,98,1,117,2018-09-17,68500.00,Active,2026-07-17
99,10000000099,99,1,118,2011-02-28,485500.00,Active,2026-07-22
100,10000000100,100,1,119,2020-07-23,28500.00,Active,2026-07-18
101,10000000101,101,1,120,2015-12-31,175500.00,Active,2026-07-21
102,10000000102,102,1,3,2017-05-27,95500.00,Active,2026-07-19
103,10000000103,103,4,7,2008-10-02,1925000.00,Active,2026-07-23
104,10000000104,104,1,9,2018-03-08,52500.00,Active,2026-07-20
105,10000000105,105,1,10,2014-08-15,245000.00,Active,2026-07-17
106,10000000106,106,1,12,2016-01-26,118000.00,Active,2026-07-22
107,10000000107,107,1,13,2014-06-18,268000.00,Active,2026-07-18
108,10000000108,108,1,15,2018-11-14,72500.00,Active,2026-07-21
109,10000000109,109,1,17,2011-04-01,585000.00,Active,2026-07-19
110,10000000110,110,1,18,2016-09-17,108000.00,Active,2026-07-23
111,10000000111,111,1,20,2013-02-28,425000.00,Active,2026-07-20
112,10000000112,112,1,22,2019-07-23,38500.00,Active,2026-07-17
113,10000000113,113,4,24,2009-12-31,1685000.00,Active,2026-07-22
114,10000000114,114,1,25,2015-05-27,165000.00,Active,2026-07-18
115,10000000115,115,1,27,2017-10-02,98500.00,Active,2026-07-21
116,10000000116,116,1,28,2014-03-08,235000.00,Active,2026-07-19
117,10000000117,117,1,32,2015-08-15,188000.00,Active,2026-07-23
118,10000000118,118,1,34,2016-01-26,135500.00,Active,2026-07-20
119,10000000119,119,1,35,2010-06-18,525000.00,Active,2026-07-17
120,10000000120,120,1,106,2018-11-14,85500.00,Active,2026-07-22
121,20000000001,1,2,1,2016-01-15,1250000.00,Active,2026-07-21
122,20000000002,3,2,5,2013-06-20,2850000.00,Active,2026-07-19
123,20000000003,9,2,19,2011-03-10,4500000.00,Active,2026-07-23
124,20000000004,13,2,29,2009-08-25,6200000.00,Active,2026-07-20
125,20000000005,21,2,39,2010-12-05,3850000.00,Active,2026-07-17
126,20000000006,25,2,43,2012-04-18,2150000.00,Active,2026-07-22
127,20000000007,34,2,52,2008-09-30,5800000.00,Active,2026-07-18
128,20000000008,43,2,61,2011-07-12,3200000.00,Active,2026-07-21
129,20000000009,55,2,73,2012-11-28,1850000.00,Active,2026-07-19
130,20000000010,61,2,79,2009-05-15,4250000.00,Active,2026-07-23
131,30000000001,5,3,8,2015-01-01,185000.00,Active,2026-07-20
132,30000000002,11,3,23,2014-04-01,142000.00,Active,2026-07-17
133,30000000003,19,3,37,2015-07-01,198000.00,Active,2026-07-22
134,30000000004,27,3,45,2017-01-01,125000.00,Active,2026-07-18
135,30000000005,37,3,55,2015-10-01,215000.00,Active,2026-07-21
136,30000000006,47,3,65,2016-04-01,168000.00,Active,2026-07-19
137,30000000007,53,3,71,2015-01-01,205000.00,Active,2026-07-23
138,30000000008,59,3,77,2016-07-01,148000.00,Active,2026-07-20
139,30000000009,69,3,87,2014-01-01,232000.00,Active,2026-07-17
140,30000000010,75,3,93,2016-10-01,175000.00,Active,2026-07-22
