customer_id,customer_code,first_name,last_name,date_of_birth,gender,email,phone,pan_number,aadhaar_number,address,city_id,customer_type_id,kyc_verified,registration_date,home_branch_id
1,CUS00000001,Aarav,Sharma,1985-03-15,Male,aarav.sharma@email.com,9812345001,ABCDE1234A,123456789001,101 Marine Drive Mumbai,1,1,TRUE,2015-04-01,1
2,CUS00000002,Vivaan,Patel,1990-07-22,Male,vivaan.patel@email.com,9812345002,ABCDE1234B,123456789002,202 Linking Road Bandra,1,1,TRUE,2016-08-15,4
3,CUS00000003,Aditya,Kumar,1978-11-08,Male,aditya.kumar@email.com,9812345003,ABCDE1234C,123456789003,303 FC Road Pune,2,1,TRUE,2012-01-26,5
4,CUS00000004,Ananya,Reddy,1992-05-30,Female,ananya.reddy@email.com,9812345004,ABCDE1234D,123456789004,404 MG Road Bengaluru,6,1,TRUE,2018-03-23,11
5,CUS00000005,Arjun,Singh,1988-09-14,Male,arjun.singh@email.com,9812345005,ABCDE1234E,123456789005,505 Connaught Place Delhi,5,1,TRUE,2014-11-14,8
6,CUS00000006,Ishaan,Verma,1995-12-25,Male,ishaan.verma@email.com,9812345006,ABCDE1234F,123456789006,606 Anna Salai Chennai,9,1,TRUE,2019-06-18,14
7,CUS00000007,Kavya,Nair,1983-02-18,Female,kavya.nair@email.com,9812345007,ABCDE1234G,123456789007,707 MG Road Kochi,30,1,TRUE,2011-04-14,30
8,CUS00000008,Riya,Iyer,1997-08-09,Female,riya.iyer@email.com,9812345008,ABCDE1234H,123456789008,808 Satellite Road Ahmedabad,12,1,TRUE,2020-01-26,16
9,CUS00000009,Sai,Gupta,1975-04-03,Male,sai.gupta@email.com,9812345009,ABCDE1234I,123456789009,909 Park Street Kolkata,16,4,TRUE,2010-08-15,19
10,CUS00000010,Priya,Das,1991-10-17,Female,priya.das@email.com,9812345010,ABCDE1234J,123456789010,1010 Hazratganj Lucknow,19,1,TRUE,2017-03-08,21
11,CUS00000011,Rohan,Joshi,1986-06-21,Male,rohan.joshi@email.com,9812345011,ABCDE1234K,123456789011,1111 MI Road Jaipur,23,1,TRUE,2013-10-02,23
12,CUS00000012,Diya,Mehta,1993-01-12,Female,diya.mehta@email.com,9812345012,ABCDE1234L,123456789012,1212 Abids Hyderabad,32,1,TRUE,2018-11-14,26
13,CUS00000013,Krishna,Pillai,1960-08-05,Male,krishna.pillai@email.com,9812345013,ABCDE1234M,123456789013,1313 MG Road Trivandrum,29,4,TRUE,2008-04-01,29
14,CUS00000014,Meera,Rao,1989-12-28,Female,meera.rao@email.com,9812345014,ABCDE1234N,123456789014,1414 Sector 17 Chandigarh,38,1,TRUE,2015-07-23,31
15,CUS00000015,Arnav,Tiwari,1994-03-07,Male,arnav.tiwari@email.com,9812345015,ABCDE1234O,123456789015,1515 Fraser Road Patna,41,1,TRUE,2019-02-28,33
16,CUS00000016,Saanvi,Kapoor,1998-07-19,Female,saanvi.kapoor@email.com,9812345016,ABCDE1234P,123456789016,1616 Janpath Bhubaneswar,43,1,TRUE,2021-06-01,34
17,CUS00000017,Vihaan,Desai,1982-11-30,Male,vihaan.desai@email.com,9812345017,ABCDE1234Q,123456789017,1717 Pan Bazaar Guwahati,45,1,TRUE,2012-09-15,35
18,CUS00000018,Aanya,Agarwal,1996-04-14,Female,aanya.agarwal@email.com,9812345018,ABCDE1234R,123456789018,1818 Main Road Ranchi,46,1,TRUE,2020-04-01,36
19,CUS00000019,Reyansh,Saxena,1987-08-26,Male,reyansh.saxena@email.com,9812345019,ABCDE1234S,123456789019,1919 Rajpur Road Dehradun,49,1,TRUE,2014-01-26,37
20,CUS00000020,Pari,Kulkarni,1990-02-08,Female,pari.kulkarni@email.com,9812345020,ABCDE1234T,123456789020,2020 College Road Nashik,4,1,TRUE,2016-05-27,38
21,CUS00000021,Advait,Pandey,1965-05-20,Male,advait.pandey@email.com,9812345021,ABCDE1234U,123456789021,2121 JLB Road Mysuru,7,4,TRUE,2009-11-14,39
22,CUS00000022,Myra,Bose,1999-09-03,Female,myra.bose@email.com,9812345022,ABCDE1234V,123456789022,2222 RS Puram Coimbatore,10,1,TRUE,2021-08-15,40
23,CUS00000023,Ayaan,Chatterjee,1984-01-16,Male,ayaan.chatterjee@email.com,9812345023,ABCDE1234W,123456789023,2323 RC Dutt Road Vadodara,14,1,TRUE,2013-03-08,41
24,CUS00000024,Avni,Banerjee,1992-06-29,Female,avni.banerjee@email.com,9812345024,ABCDE1234X,123456789024,2424 Ferozepur Road Ludhiana,36,1,TRUE,2017-10-31,42
25,CUS00000025,Kabir,Mukherjee,1977-10-11,Male,kabir.mukherjee@email.com,9812345025,ABCDE1234Y,123456789025,2525 Lawrence Road Amritsar,37,1,TRUE,2011-01-26,43
26,CUS00000026,Amaira,Sen,1989-03-24,Female,amaira.sen@email.com,9812345026,ABCDE1234Z,123456789026,2626 Dwaraka Nagar Vizag,34,1,TRUE,2015-06-18,44
27,CUS00000027,Atharv,Roy,1991-08-06,Male,atharv.roy@email.com,9812345027,BCDEF1234A,123456789027,2727 MG Road Indore,27,1,TRUE,2016-11-14,45
28,CUS00000028,Navya,Ghosh,1986-12-18,Female,navya.ghosh@email.com,9812345028,BCDEF1234B,123456789028,2828 Pandri Raipur,48,1,TRUE,2014-04-01,46
29,CUS00000029,Shaurya,Chakraborty,1993-04-01,Male,shaurya.chakraborty@email.com,9812345029,BCDEF1234C,123456789029,2929 Station Road Thane,61,1,TRUE,2018-07-23,47
30,CUS00000030,Anvi,Dutta,1995-07-14,Female,anvi.dutta@email.com,9812345030,BCDEF1234D,123456789030,3030 Sector 18 Noida,62,1,TRUE,2019-12-31,48
31,CUS00000031,Dhruv,Sinha,1980-11-26,Male,dhruv.sinha@email.com,9812345031,BCDEF1234E,123456789031,3131 Navyug Market Ghaziabad,63,1,TRUE,2012-02-28,49
32,CUS00000032,Sara,Prasad,1997-02-09,Female,sara.prasad@email.com,9812345032,BCDEF1234F,123456789032,3232 Sector 17 Vashi,64,1,TRUE,2020-09-15,50
33,CUS00000033,Yash,Choudhary,1988-06-22,Male,yash.choudhary@email.com,9812345033,BCDEF1234G,123456789033,3333 Hiranandani Powai,1,1,TRUE,2015-01-26,51
34,CUS00000034,Anika,Tripathi,1962-10-05,Female,anika.tripathi@email.com,9812345034,BCDEF1234H,123456789034,3434 LT Road Borivali,1,4,TRUE,2007-08-15,52
35,CUS00000035,Krish,Dubey,1994-01-17,Male,krish.dubey@email.com,9812345035,BCDEF1234I,123456789035,3535 Malad West Mumbai,1,1,TRUE,2018-04-14,53
36,CUS00000036,Kiara,Yadav,1990-05-30,Female,kiara.yadav@email.com,9812345036,BCDEF1234J,123456789036,3636 Phase 1 Hinjewadi,2,1,TRUE,2016-10-02,54
37,CUS00000037,Ved,Maurya,1985-09-12,Male,ved.maurya@email.com,9812345037,BCDEF1234K,123456789037,3737 Paud Road Kothrud,2,1,TRUE,2014-03-23,55
38,CUS00000038,Aahana,Awasthi,1992-12-24,Female,aahana.awasthi@email.com,9812345038,BCDEF1234L,123456789038,3838 Electronic City,6,1,TRUE,2017-06-18,56
39,CUS00000039,Neil,Srivastava,1987-04-07,Male,neil.srivastava@email.com,9812345039,BCDEF1234M,123456789039,3939 HSR Layout,6,1,TRUE,2015-11-14,57
40,CUS00000040,Ira,Rastogi,1996-08-19,Female,ira.rastogi@email.com,9812345040,BCDEF1234N,123456789040,4040 Marathahalli,6,1,TRUE,2019-02-28,58
41,CUS00000041,Aryan,Bajpai,1983-12-02,Male,aryan.bajpai@email.com,9812345041,BCDEF1234O,123456789041,4141 Velachery Chennai,9,1,TRUE,2013-07-23,59
42,CUS00000042,Zara,Khanna,1998-03-15,Female,zara.khanna@email.com,9812345042,BCDEF1234P,123456789042,4242 OMR Thoraipakkam,9,1,TRUE,2021-01-26,60
43,CUS00000043,Vivaan,Malhotra,1975-07-28,Male,vivaan.malhotra@email.com,9812345043,BCDEF1234Q,123456789043,4343 Prahlad Nagar,12,4,TRUE,2010-04-14,61
44,CUS00000044,Advika,Bhatia,1991-11-10,Female,advika.bhatia@email.com,9812345044,BCDEF1234R,123456789044,4444 Satellite Road,12,1,TRUE,2016-08-15,62
45,CUS00000045,Rudra,Arora,1986-02-22,Male,rudra.arora@email.com,9812345045,BCDEF1234S,123456789045,4545 Park Street Kolkata,16,1,TRUE,2014-12-31,63
46,CUS00000046,Saisha,Sethi,1993-06-04,Female,saisha.sethi@email.com,9812345046,BCDEF1234T,123456789046,4646 New Town Rajarhat,16,1,TRUE,2018-05-27,64
47,CUS00000047,Rehan,Tandon,1989-09-17,Male,rehan.tandon@email.com,9812345047,BCDEF1234U,123456789047,4747 Saket Delhi,5,1,TRUE,2015-10-02,65
48,CUS00000048,Nisha,Grover,1995-01-29,Female,nisha.grover@email.com,9812345048,BCDEF1234V,123456789048,4848 Sector 7 Rohini,5,1,TRUE,2019-06-18,66
49,CUS00000049,Kabir,Wadhwa,1982-05-11,Male,kabir.wadhwa@email.com,9812345049,BCDEF1234W,123456789049,4949 Madhapur Hyderabad,32,1,TRUE,2012-11-14,67
50,CUS00000050,Mishti,Luthra,1997-09-23,Female,mishti.luthra@email.com,9812345050,BCDEF1234X,123456789050,5050 Gachibowli,32,1,TRUE,2020-04-01,68
51,CUS00000051,Yuvraj,Vohra,1984-01-06,Male,yuvraj.vohra@email.com,9812345051,BCDEF1234Y,123456789051,5151 Godowlia Varanasi,21,1,TRUE,2013-08-15,69
52,CUS00000052,Rashi,Ahuja,1990-04-18,Female,rashi.ahuja@email.com,9812345052,BCDEF1234Z,123456789052,5252 Sanjay Place Agra,22,1,TRUE,2016-01-26,70
53,CUS00000053,Parth,Kohli,1987-08-31,Male,parth.kohli@email.com,9812345053,CDEFG1234A,123456789053,5353 The Mall Kanpur,20,1,TRUE,2014-06-18,71
54,CUS00000054,Tanya,Gambhir,1992-12-13,Female,tanya.gambhir@email.com,9812345054,CDEFG1234B,123456789054,5454 Civil Lines Prayagraj,75,1,TRUE,2017-11-14,72
55,CUS00000055,Ishaan,Chauhan,1979-03-26,Male,ishaan.chauhan@email.com,9812345055,CDEFG1234C,123456789055,5555 High Court Road Jodhpur,24,1,TRUE,2011-04-01,73
56,CUS00000056,Riddhi,Thakur,1996-07-08,Female,riddhi.thakur@email.com,9812345056,CDEFG1234D,123456789056,5656 Bapu Bazaar Udaipur,25,1,TRUE,2019-09-15,74
57,CUS00000057,Aarush,Vyas,1988-11-20,Male,aarush.vyas@email.com,9812345057,CDEFG1234E,123456789057,5757 Shopping Centre Kota,77,1,TRUE,2015-02-28,75
58,CUS00000058,Shanaya,Dwivedi,1993-02-02,Female,shanaya.dwivedi@email.com,9812345058,CDEFG1234F,123456789058,5858 Civil Lines Jabalpur,79,1,TRUE,2018-07-23,76
59,CUS00000059,Vedant,Shukla,1985-06-15,Male,vedant.shukla@email.com,9812345059,CDEFG1234G,123456789059,5959 Jayendraganj Gwalior,28,1,TRUE,2014-12-31,77
60,CUS00000060,Pihu,Dixit,1990-10-27,Female,pihu.dixit@email.com,9812345060,CDEFG1234H,123456789060,6060 Lamington Road Hubli,67,1,TRUE,2016-05-27,78
61,CUS00000061,Shivay,Trivedi,1968-01-09,Male,shivay.trivedi@email.com,9812345061,CDEFG1234I,123456789061,6161 KS Rao Road Mangaluru,8,4,TRUE,2008-10-02,79
62,CUS00000062,Mira,Bhatt,1994-05-21,Female,mira.bhatt@email.com,9812345062,CDEFG1234J,123456789062,6262 West Veli Street Madurai,11,1,TRUE,2018-03-08,80
63,CUS00000063,Arnav,Dave,1981-09-03,Male,arnav.dave@email.com,9812345063,CDEFG1234K,123456789063,6363 Cherry Road Salem,69,1,TRUE,2012-08-15,81
64,CUS00000064,Aadhya,Parikh,1997-12-16,Female,aadhya.parikh@email.com,9812345064,CDEFG1234L,123456789064,6464 Dhebar Road Rajkot,15,1,TRUE,2020-01-26,82
65,CUS00000065,Siddharth,Modi,1989-04-28,Male,siddharth.modi@email.com,9812345065,CDEFG1234M,123456789065,6565 Teen Batti Jamnagar,72,1,TRUE,2015-06-18,83
66,CUS00000066,Tara,Shah,1963-08-10,Female,tara.shah@email.com,9812345066,CDEFG1234N,123456789066,6666 Hill Cart Road Siliguri,73,4,TRUE,2007-11-14,84
67,CUS00000067,Lakshya,Patel,1991-11-22,Male,lakshya.patel@email.com,9812345067,CDEFG1234O,123456789067,6767 GT Road Howrah,17,1,TRUE,2016-04-01,85
68,CUS00000068,Ishika,Naik,1995-03-07,Female,ishika.naik@email.com,9812345068,CDEFG1234P,123456789068,6868 City Centre Durgapur,18,1,TRUE,2019-08-15,86
69,CUS00000069,Rehaan,Kamat,1983-07-19,Male,rehaan.kamat@email.com,9812345069,CDEFG1234Q,123456789069,6969 GT Road Jalandhar,87,1,TRUE,2013-01-26,87
70,CUS00000070,Aarohi,Deshpande,1998-10-01,Female,aarohi.deshpande@email.com,9812345070,CDEFG1234R,123456789070,7070 The Mall Patiala,88,1,TRUE,2021-03-23,88
71,CUS00000071,Ahaan,Jog,1976-02-13,Male,ahaan.jog@email.com,9812345071,CDEFG1234S,123456789071,7171 Bank More Dhanbad,97,4,TRUE,2010-06-18,89
72,CUS00000072,Kyra,Gokhale,1992-06-26,Female,kyra.gokhale@email.com,9812345072,CDEFG1234T,123456789072,7272 Bistupur Jamshedpur,47,1,TRUE,2017-11-14,90
73,CUS00000073,Advik,Apte,1987-10-08,Male,advik.apte@email.com,9812345073,CDEFG1234U,123456789073,7373 SM Street Kozhikode,31,1,TRUE,2014-04-14,91
74,CUS00000074,Aira,Karnik,1994-01-20,Female,aira.karnik@email.com,9812345074,CDEFG1234V,123456789074,7474 Round South Thrissur,81,1,TRUE,2018-09-17,92
75,CUS00000075,Vivaan,Ranade,1986-05-03,Male,vivaan.ranade@email.com,9812345075,CDEFG1234W,123456789075,7575 Lal Chowk Srinagar,59,1,TRUE,2015-02-28,93
76,CUS00000076,Miraya,Sathe,1991-08-15,Female,miraya.sathe@email.com,9812345076,CDEFG1234X,123456789076,7676 MG Road Panaji,51,1,TRUE,2016-07-23,95
77,CUS00000077,Darsh,Kelkar,1980-12-27,Male,darsh.kelkar@email.com,9812345077,CDEFG1234Y,123456789077,7777 The Mall Shimla,50,1,TRUE,2011-12-31,96
78,CUS00000078,Nainika,Patil,1996-04-09,Female,nainika.patil@email.com,9812345078,CDEFG1234Z,123456789078,7878 Railway Road Haridwar,100,1,TRUE,2019-05-27,97
79,CUS00000079,Kabir,Mane,1988-07-22,Male,kabir.mane@email.com,9812345079,DEFGH1234A,123456789079,7979 Lakshman Jhula Rishikesh,100,1,TRUE,2015-10-02,98
80,CUS00000080,Shanaya,Sawant,1993-11-04,Female,shanaya.sawant@email.com,9812345080,DEFGH1234B,123456789080,8080 Paona Bazaar Imphal,54,1,TRUE,2018-03-08,99
81,CUS00000081,Veer,Gawde,1985-02-16,Male,veer.gawde@email.com,9812345081,DEFGH1234C,123456789081,8181 Police Bazaar Shillong,53,1,TRUE,2014-08-15,100
82,CUS00000082,Anika,Pawar,1990-06-28,Female,anika.pawar@email.com,9812345082,DEFGH1234D,123456789082,8282 HGB Road Agartala,52,1,TRUE,2016-01-26,101
83,CUS00000083,Ayaan,Chavan,1997-10-10,Male,ayaan.chavan@email.com,9812345083,DEFGH1234E,123456789083,8383 Zarkawt Aizawl,57,1,TRUE,2020-06-18,102
84,CUS00000084,Siya,Bhosale,1971-01-23,Female,siya.bhosale@email.com,9812345084,DEFGH1234F,123456789084,8484 Main Town Kohima,55,4,TRUE,2009-11-14,103
85,CUS00000085,Reyansh,Salvi,1992-05-05,Male,reyansh.salvi@email.com,9812345085,DEFGH1234G,123456789085,8585 Bank Tinali Itanagar,56,1,TRUE,2017-04-01,104
86,CUS00000086,Anaya,Kadam,1995-08-18,Female,anaya.kadam@email.com,9812345086,DEFGH1234H,123456789086,8686 MG Marg Gangtok,58,1,TRUE,2019-09-15,105
87,CUS00000087,Aarnav,Jadhav,1984-12-30,Male,aarnav.jadhav@email.com,9812345087,DEFGH1234I,123456789087,8787 AT Road Dibrugarh,95,1,TRUE,2013-02-28,106
88,CUS00000088,Myra,Shinde,1989-04-12,Female,myra.shinde@email.com,9812345088,DEFGH1234J,123456789088,8888 Central Road Silchar,96,1,TRUE,2015-07-23,107
89,CUS00000089,Aarav,Gaikwad,1986-08-24,Male,aarav.gaikwad@email.com,9812345089,DEFGH1234K,123456789089,8989 Trade Centre Lower Parel,1,1,TRUE,2014-12-31,108
90,CUS00000090,Ivaan,Kale,1991-12-07,Female,ivaan.kale@email.com,9812345090,DEFGH1234L,123456789090,9090 BKC Bandra East,1,1,TRUE,2016-05-27,109
91,CUS00000091,Vihaan,Kulthe,1977-03-19,Male,vihaan.kulthe@email.com,9812345091,DEFGH1234M,123456789091,9191 Worli Naka,1,1,TRUE,2011-10-31,110
92,CUS00000092,Aadya,Wagh,1993-07-02,Female,aadya.wagh@email.com,9812345092,DEFGH1234N,123456789092,9292 Churchgate,1,1,TRUE,2018-03-23,111
93,CUS00000093,Shaurya,Thorat,1988-10-14,Male,shaurya.thorat@email.com,9812345093,DEFGH1234O,123456789093,9393 Dadar West,1,1,TRUE,2015-08-15,112
94,CUS00000094,Nitara,More,1995-01-26,Female,nitara.more@email.com,9812345094,DEFGH1234P,123456789094,9494 Vikhroli West,1,1,TRUE,2019-01-26,113
95,CUS00000095,Aadit,Londhe,1982-05-09,Male,aadit.londhe@email.com,9812345095,DEFGH1234Q,123456789095,9595 Chembur,1,1,TRUE,2012-06-18,114
96,CUS00000096,Hiya,Suryawanshi,1990-08-21,Female,hiya.suryawanshi@email.com,9812345096,DEFGH1234R,123456789096,9696 Mulund West,1,1,TRUE,2016-11-14,115
97,CUS00000097,Kiaan,Raut,1987-12-04,Male,kiaan.raut@email.com,9812345097,DEFGH1234S,123456789097,9797 Kandivali West,1,1,TRUE,2014-04-01,116
98,CUS00000098,Navya,Ghorpade,1994-03-17,Female,navya.ghorpade@email.com,9812345098,DEFGH1234T,123456789098,9898 Goregaon West,1,1,TRUE,2018-09-17,117
99,CUS00000099,Dhruv,Deshpande,1981-07-29,Male,dhruv.deshpande@email.com,9812345099,DEFGH1234U,123456789099,9999 Versova,1,1,TRUE,2011-02-28,118
100,CUS00000100,Kiara,Phadke,1996-11-11,Female,kiara.phadke@email.com,9812345100,DEFGH1234V,123456789100,10100 Santacruz West,1,1,TRUE,2020-07-23,119
101,CUS00000101,Advay,Joshi,1989-02-23,Male,advay.joshi@email.com,9812345101,DEFGH1234W,123456789101,10101 Juhu Tara Road,1,1,TRUE,2015-12-31,120
102,CUS00000102,Aanya,Lele,1992-06-05,Female,aanya.lele@email.com,9812345102,DEFGH1234X,123456789102,10202 Andheri East,1,1,TRUE,2017-05-27,3
103,CUS00000103,Rehan,Gadkari,1966-09-18,Male,rehan.gadkari@email.com,9812345103,DEFGH1234Y,123456789103,10303 Nagpur Central,3,4,TRUE,2008-10-02,7
104,CUS00000104,Tara,Bapat,1993-01-30,Female,tara.bapat@email.com,9812345104,DEFGH1234Z,123456789104,10404 Karol Bagh,5,1,TRUE,2018-03-08,9
105,CUS00000105,Ayan,Sahasrabuddhe,1985-05-13,Male,ayan.sahasrabuddhe@email.com,9812345105,EFGHI1234A,123456789105,10505 Dwarka Sector 12,5,1,TRUE,2014-08-15,10
106,CUS00000106,Amaira,Godbole,1990-08-25,Female,amaira.godbole@email.com,9812345106,EFGHI1234B,123456789106,10606 Koramangala,6,1,TRUE,2016-01-26,12
107,CUS00000107,Vivaan,Paranjape,1987-12-08,Male,vivaan.paranjape@email.com,9812345107,EFGHI1234C,123456789107,10707 Whitefield ITPL,6,1,TRUE,2014-06-18,13
108,CUS00000108,Anvi,Limaye,1994-03-20,Female,anvi.limaye@email.com,9812345108,EFGHI1234D,123456789108,10808 T Nagar Chennai,9,1,TRUE,2018-11-14,15
109,CUS00000109,Krish,Pendse,1979-07-03,Male,krish.pendse@email.com,9812345109,EFGHI1234E,123456789109,10909 CG Road Ahmedabad,12,1,TRUE,2011-04-01,17
110,CUS00000110,Prisha,Khandekar,1991-10-15,Female,prisha.khandekar@email.com,9812345110,EFGHI1234F,123456789110,11010 Ring Road Surat,13,1,TRUE,2016-09-17,18
111,CUS00000111,Yuvan,Oak,1983-01-27,Male,yuvan.oak@email.com,9812345111,EFGHI1234G,123456789111,11111 Salt Lake Sector V,16,1,TRUE,2013-02-28,20
112,CUS00000112,Ishani,Phadnis,1996-05-10,Female,ishani.phadnis@email.com,9812345112,EFGHI1234H,123456789112,11212 Gomti Nagar Lucknow,19,1,TRUE,2019-07-23,22
113,CUS00000113,Aadi,Shirodkar,1974-08-22,Male,aadi.shirodkar@email.com,9812345113,EFGHI1234I,123456789113,11313 Vaishali Nagar Jaipur,23,4,TRUE,2009-12-31,24
114,CUS00000114,Anushka,Karmarkar,1989-12-05,Female,anushka.karmarkar@email.com,9812345114,EFGHI1234J,123456789114,11414 TT Nagar Bhopal,26,1,TRUE,2015-05-27,25
115,CUS00000115,Arnav,Soman,1992-03-18,Male,arnav.soman@email.com,9812345115,EFGHI1234K,123456789115,11515 Banjara Hills,32,1,TRUE,2017-10-02,27
116,CUS00000116,Diya,Prabhu,1985-06-30,Female,diya.prabhu@email.com,9812345116,EFGHI1234L,123456789116,11616 HITEC City,32,1,TRUE,2014-03-08,28
117,CUS00000117,Ishaan,Rane,1988-10-12,Male,ishaan.rane@email.com,9812345117,EFGHI1234M,123456789117,11717 DLF Cyber City Gurugram,39,1,TRUE,2015-08-15,32
118,CUS00000118,Kavya,Tendulkar,1991-01-25,Female,kavya.tendulkar@email.com,9812345118,EFGHI1234N,123456789118,11818 Rourkela,93,1,TRUE,2016-01-26,93
119,CUS00000119,Yash,Bhide,1978-05-07,Male,yash.bhide@email.com,9812345119,EFGHI1234O,123456789119,11919 Sambalpur,94,1,TRUE,2010-06-18,94
120,CUS00000120,Suhana,Godbole,1993-08-20,Female,suhana.godbole@email.com,9812345120,EFGHI1234P,123456789120,12020 Dibrugarh,95,1,TRUE,2018-11-14,106
121,CUS00000121,Parth,Ketkar,1986-12-02,Male,parth.ketkar@email.com,9812345121,EFGHI1234Q,123456789121,12121 Silchar,96,1,TRUE,2014-04-01,107
122,CUS00000122,Manya,Athavale,1995-03-14,Female,manya.athavale@email.com,9812345122,EFGHI1234R,123456789122,12222 Bokaro,98,1,TRUE,2019-09-17,36
123,CUS00000123,Ved,Modak,1980-06-27,Male,ved.modak@email.com,9812345123,EFGHI1234S,123456789123,12323 Bilaspur,99,1,TRUE,2012-02-28,46
124,CUS00000124,Aira,Kulkarni,1992-10-09,Female,aira.kulkarni@email.com,9812345124,EFGHI1234T,123456789124,12424 Meerut,76,1,TRUE,2017-07-23,49
125,CUS00000125,Shivansh,Phatak,1975-01-21,Male,shivansh.phatak@email.com,9812345125,EFGHI1234U,123456789125,12525 Ajmer,78,4,TRUE,2009-12-31,23
126,CUS00000126,Saira,Bedekar,1989-05-04,Female,saira.bedekar@email.com,9812345126,EFGHI1234V,123456789126,12626 Ujjain,80,1,TRUE,2015-02-28,45
127,CUS00000127,Aarush,Bendre,1992-08-16,Male,aarush.bendre@email.com,9812345127,EFGHI1234W,123456789127,12727 Kollam,82,1,TRUE,2017-07-23,30
128,CUS00000128,Mishka,Tambe,1996-11-28,Female,mishka.tambe@email.com,9812345128,EFGHI1234X,123456789128,12828 Guntur,85,1,TRUE,2020-01-26,44
129,CUS00000129,Reyansh,Sovani,1984-03-12,Male,reyansh.sovani@email.com,9812345129,EFGHI1234Y,123456789129,12929 Nellore,86,1,TRUE,2013-06-18,44
130,CUS00000130,Aadhira,Vaidya,1990-06-24,Female,aadhira.vaidya@email.com,9812345130,EFGHI1234Z,123456789130,13030 Ambala,89,1,TRUE,2016-11-14,31
131,CUS00000131,Shivay,Panse,1987-10-07,Male,shivay.panse@email.com,9812345131,FGHIJ1234A,123456789131,13131 Rohtak,90,1,TRUE,2014-04-01,31
132,CUS00000132,Anaya,Koranne,1993-01-19,Female,anaya.koranne@email.com,9812345132,FGHIJ1234B,123456789132,13232 Muzaffarpur,91,1,TRUE,2018-09-17,33
133,CUS00000133,Darsh,Tilak,1981-05-01,Male,darsh.tilak@email.com,9812345133,FGHIJ1234C,123456789133,13333 Bhagalpur,92,1,TRUE,2012-02-28,33
134,CUS00000134,Sara,Barve,1995-08-14,Female,sara.barve@email.com,9812345134,FGHIJ1234D,123456789134,13434 Karimnagar,84,1,TRUE,2019-07-23,26
135,CUS00000135,Aayan,Behere,1988-11-26,Male,aayan.behere@email.com,9812345135,FGHIJ1234E,123456789135,13535 Warangal,33,1,TRUE,2015-12-31,26
136,CUS00000136,Tara,Chitre,1962-03-09,Female,tara.chitre@email.com,9812345136,FGHIJ1234F,123456789136,13636 Nizamabad,83,4,TRUE,2007-05-27,26
137,CUS00000137,Veer,Bodas,1991-06-21,Male,veer.bodas@email.com,9812345137,FGHIJ1234G,123456789137,13737 Belgaum,68,1,TRUE,2016-10-02,78
138,CUS00000138,Aanya,Potdar,1994-10-04,Female,aanya.potdar@email.com,9812345138,FGHIJ1234H,123456789138,13838 Tiruchirappalli,70,1,TRUE,2018-03-08,80
139,CUS00000139,Arjun,Rasal,1977-01-16,Male,arjun.rasal@email.com,9812345139,FGHIJ1234I,123456789139,13939 Bhavnagar,71,1,TRUE,2010-08-15,82
140,CUS00000140,Myra,Bhave,1989-04-28,Female,myra.bhave@email.com,9812345140,FGHIJ1234J,123456789140,14040 Asansol,74,1,TRUE,2015-01-26,85
141,CUS00000141,Kabir,Bokil,1992-08-10,Male,kabir.bokil@email.com,9812345141,FGHIJ1234K,123456789141,14141 Faridabad,40,1,TRUE,2017-06-18,32
142,CUS00000142,Ishita,Kothare,1985-11-23,Female,ishita.kothare@email.com,9812345142,FGHIJ1234L,123456789142,14242 Aurangabad,65,1,TRUE,2014-11-14,38
143,CUS00000143,Rehan,Datar,1990-03-05,Male,rehan.datar@email.com,9812345143,FGHIJ1234M,123456789143,14343 Solapur,66,1,TRUE,2016-04-01,5
144,CUS00000144,Anvi,Sathe,1996-06-18,Female,anvi.sathe@email.com,9812345144,FGHIJ1234N,123456789144,14444 Agra MG Road,22,1,TRUE,2020-09-17,70
145,CUS00000145,Aarav,Upasani,1983-09-30,Male,aarav.upasani@email.com,9812345145,FGHIJ1234O,123456789145,14545 Varanasi Cantonment,21,1,TRUE,2013-02-28,69
146,CUS00000146,Zoya,Weling,1988-01-12,Female,zoya.weling@email.com,9812345146,FGHIJ1234P,123456789146,14646 Kanpur Civil Lines,20,1,TRUE,2015-07-23,71
147,CUS00000147,Krishna,Sharma2,1991-04-25,Male,krishna.sharma2@email.com,9812345147,FGHIJ1234Q,123456789147,14747 Prayagraj Civil Lines,75,1,TRUE,2016-12-31,72
148,CUS00000148,Ira,Patel2,1994-08-07,Female,ira.patel2@email.com,9812345148,FGHIJ1234R,123456789148,14848 Udaipur City Palace,25,1,TRUE,2019-05-27,74
149,CUS00000149,Vivaan,Kumar2,1970-11-19,Male,vivaan.kumar2@email.com,9812345149,FGHIJ1234S,123456789149,14949 Jodhpur Clock Tower,24,4,TRUE,2008-10-02,73
150,CUS00000150,Saanvi,Reddy2,1987-02-02,Female,saanvi.reddy2@email.com,9812345150,FGHIJ1234T,123456789150,15050 Kota Industrial Area,77,1,TRUE,2014-03-08,75
